<?xml version="1.0" encoding="UTF-8"?>
<keywords>
   <keywords>
      <text FeatureID="-1">call mailbox</text>
      <target FeatureID="-1" href="SMSVO_HLP_MAIN_VIEW.html">Call mailbox</target>
      <target FeatureID="true_298" href="SMSVO_HLP_CS_VIDEO_AND_XSP_VOIP.html">Call, video, and internet call mailbox</target>
   </keywords>
   <keywords>
      <text FeatureID="-1">answering machine</text>
      <target FeatureID="-1" href="SMSVO_HLP_MAIN_VIEW.html">Call mailbox</target>
      <target FeatureID="true_89" href="SMSVO_HLP_CS_AND_VIDEO.html">Call and video mailbox</target>
      <target FeatureID="true_298" href="SMSVO_HLP_CS_VIDEO_AND_XSP_VOIP.html">Call, video, and internet call mailbox</target>
   </keywords>
   <keywords>
      <text FeatureID="true_89">video mailbox</text>
      <target FeatureID="true_89" href="SMSVO_HLP_CS_AND_VIDEO.html">Call and video mailbox</target>
   </keywords>
   <keywords>
      <text FeatureID="true_298">internet call mailbox</text>
      <target FeatureID="true_298" href="SMSVO_HLP_CS_VIDEO_AND_XSP_VOIP.html">Call, video, and internet call mailbox</target>
   </keywords>
</keywords>